Data,Descricao,Valor
01/06/2026,PIX QRS KOMPRAO KOC01/06,"-31,94"
25/05/2026,PIX QRS PADARIA E C23/05,"-93,61"
25/05/2026,REND PAGO APLIC AUT MAIS,"0,01"
18/05/2026,PIX QRS DUBAI BRASI18/05,"-47,48"
15/05/2026,PIX TRANSF Paula C15/05,"-30,00"
14/05/2026,REND PAGO APLIC AUT MAIS,"0,14"
14/05/2026,PIX QRS MERCADO PAG14/05,"-175,70"
11/05/2026,PIX QRS POSTO ISLEB11/05,"-109,38"
11/05/2026,PIX QRS UNIVERSIDAD11/05,"-95,58"
11/05/2026,PIX QRS ZEPETTO BRA11/05,"-40,00"
11/05/2026,REND PAGO APLIC AUT MAIS,"0,25"
05/05/2026,PIX TRANSF Paula C05/05,"-12,00"
05/05/2026,PIX QRS FANTONI CON05/05,"-53,00"
05/05/2026,REND PAGO APLIC AUT MAIS,"0,05"
04/05/2026,REMUNERACAO/SALARIO salario,"3.209,00"
04/05/2026,PIX QRS LANCHONETE 01/05,"-51,00"
04/05/2026,PIX TRANSF BARBARA01/05,"-600,00"
04/05/2026,PIX QRS CONSORCIO N01/05,"-736,07"
04/05/2026,PIX QRS TABAHOUSE T02/05,"-448,00"
04/05/2026,FATURA PAGA ITAU PLATINU,"-724,80"
16/04/2026,PIX QRS PAGSEGURO I16/04,"-24,79"
13/04/2026,PIX QRS WIPAY11/04,"-50,00"
10/04/2026,PIX QRS UNIVERSIDAD10/04,"-95,58"
09/04/2026,PIX TRANSF João Ma09/04,"-100,00"
06/04/2026,PIX QRS POINT DRINK03/04,"-18,00"
06/04/2026,PIX QRS THE FAMILY 03/04,"-192,59"
06/04/2026,PIX TRANSF BARBARA04/04,"-127,00"
06/04/2026,PAG BOLETO NU PAGAMENTOS SA,"-216,82"
06/04/2026,FATURA PAGA ITAU PLATINU,"-427,54"
06/04/2026,PAG BOLETO CONSORCIO NACIONAL HONDA,"-736,07"
06/04/2026,PAG BOLETO BANCO INTER SA,"-346,15"
06/04/2026,PAG BOLETO CENTRO DE ATIVIDADES BLUMENAU,"-99,75"
06/04/2026,PAG BOLETO CENTRO DE ATIVIDADES BLUMENAU,"-97,00"
06/04/2026,PAG BOLETO BLUVELLOX TELECOMUNICACOES L,"-109,99"
06/04/2026,REND PAGO APLIC AUT MAIS,"0,01"
02/04/2026,PAGTO SALARIO,"3.176,00"
02/04/2026,PIX QRS MERCADO AGU02/04,"-12,00"
02/04/2026,PIX QRS POSTO ISLEB02/04,"-92,34"
30/03/2026,RESGATE CDB Cofrinhos,"80,01"
30/03/2026,PIX TRANSF CLNT EX28/03,"-70,00"
27/03/2026,PIX TRANSF CLNT EX27/03,"-35,89"
25/03/2026,PIX QRS POSTO ISLEB25/03,"-67,50"
25/03/2026,REND PAGO APLIC AUT MAIS,"0,01"
20/03/2026,RESGATE CDB Cofrinhos,"132,00"
20/03/2026,PIX QRS CAPPTA20/03,"-132,00"
11/03/2026,PAG BOLETO BLUVELLOX TELECOMUNICACOES L,"-112,23"
11/03/2026,PIX QRS UNIVERSIDAD11/03,"-95,58"
11/03/2026,PIX TRANSF 49.331.11/03,"-543,00"
11/03/2026,REND PAGO APLIC AUT MAIS,"0,02"
10/03/2026,EST ITAU VISA 9828-5785,"427,54"
10/03/2026,ITAU VISA 9828-5785,"-427,54"
09/03/2026,PIX QRS POSTO AGRIC09/03,"-79,24"
09/03/2026,PAG BOLETO CONSORCIO NACIONAL HONDA,"-736,07"
09/03/2026,FATURA PAGA ITAU PLATINU,"-427,54"
09/03/2026,REND PAGO APLIC AUT MAIS,"0,01"
05/03/2026,PIX QRS ALCES BARBE05/03,"-50,00"
05/03/2026,PIX TRANSF CLNT EX05/03,"-400,00"
05/03/2026,PIX QRS MERCADO PAG05/03,"-245,32"
05/03/2026,REND PAGO APLIC AUT MAIS,"0,01"
04/03/2026,PAG BOLETO NU PAGAMENTOS SA,"-381,71"
03/03/2026,PAGTO SALARIO,"3.174,00"
27/02/2026,RESGATE CDB Cofrinhos,"100,01"
27/02/2026,PIX QRS SUPERMERCAD27/02,"-77,46"
27/02/2026,PIX TRANSF CLNT EX27/02,"-29,22"
18/02/2026,RESGATE CDB Cofrinhos,"200,01"
18/02/2026,PIX TRANSF CLNT EX15/02,"-200,00"
12/02/2026,PIX QRS SERVICO SOC12/02,"-22,57"
12/02/2026,PIX QRS POSTO ISLEB12/02,"-30,00"
12/02/2026,PIX QRS WF TECNOLOG12/02,"-50,00"
10/02/2026,PIX QRS CHEIRIN BAO10/02,"-24,90"
10/02/2026,RESGATE CDB Cofrinhos,"200,01"
10/02/2026,PIX QRS UNIVERSIDAD10/02,"-95,58"
09/02/2026,RESGATE CDB Cofrinhos,"130,00"
09/02/2026,PIX QRS PRIME CONVE08/02,"-77,00"
09/02/2026,PIX QRS UNIAO LANCH09/02,"-19,00"
09/02/2026,PIX QRS ARMAZEM NAT09/02,"-7,00"
09/02/2026,PIX QRS SERVICO SOC09/02,"-2,50"
09/02/2026,PIX QRS FANTONI CON09/02,"-32,00"
05/02/2026,PAG BOLETO BLUVELLOX TELECOMUNICACOES L,"-109,99"
05/02/2026,PIX TRANSF Eduardo05/02,"-278,99"
04/02/2026,PIX TRANSF CLNT EX04/02,"-200,00"
03/02/2026,PAGTO SALARIO,"2.799,00"
03/02/2026,FATURA PAGA ITAU PLATINU,"-332,00"
03/02/2026,PAG BOLETO CONSORCIO NACIONAL HONDA,"-750,14"
03/02/2026,PAG BOLETO NU PAGAMENTOS SA,"-152,75"
03/02/2026,PIX TRANSF CLNT EX03/02,"-421,00"
03/02/2026,PIX TRANSF CLNT EX03/02,"-350,00"
03/02/2026,PAG BOLETO CENTRO DE ATIVIDADES BLUMENAU,"-97,00"
03/02/2026,PIX QRS CONFECCOES 03/02,"-100,00"
03/02/2026,PIX QRS PIX Marketp03/02,"-44,90"
02/02/2026,RESGATE CDB Cofrinhos,"750,01"
02/02/2026,PIX QRS LCR MOTOS31/01,"-695,00"
02/02/2026,PIX QRS AUTO POSTO 31/01,"-50,00"
02/02/2026,RESGATE CDB Cofrinhos,"100,00"
02/02/2026,PIX QRS VIDASUB COM02/02,"-106,60"
02/02/2026,RESGATE CDB Cofrinhos,"100,00"
02/02/2026,PIX QRS SHOPPING PA02/02,"-10,00"
02/02/2026,PIX QRS SHOPPING PA02/02,"-16,00"
02/02/2026,DEV PIX SHOPPING PA02/02,"16,00"
02/02/2026,PIX TRANSF Bárbara02/02,"-16,00"
29/01/2026,RESGATE CDB Cofrinhos,"10,01"
29/01/2026,PIX TRANSF VALDECI29/01,"-30,00"
26/01/2026,RESGATE CDB Cofrinhos,"30,01"
26/01/2026,PIX QRS FANTONI CON26/01,"-20,00"
19/01/2026,PIX TRANSF ELAINE 18/01,"-82,39"
19/01/2026,PIX TRANSF Ryan Ni18/01,"-124,95"
19/01/2026,REND PAGO APLIC AUT MAIS,"0,01"
16/01/2026,PIX QRS AGROPECUARI16/01,"-24,00"
14/01/2026,PIX QRS Tomate Pela14/01,"-53,98"
13/01/2026,PIX QRS PAGGPIX MEI13/01,"-25,90"
12/01/2026,PIX QRS XANDOKA10/01,"-55,97"
12/01/2026,PIX QRS FABRICIO DA10/01,"-94,00"
12/01/2026,PIX QRS ANDREZA YAN10/01,"-59,90"
12/01/2026,PIX QRS RAIA DROGAS11/01,"-70,17"
12/01/2026,REND PAGO APLIC AUT MAIS,"0,01"
08/01/2026,PIX QRS UNICESUMAR08/01,"-95,58"
07/01/2026,PAG BOLETO BLUVELLOX TELECOMUNICACOES L,"-109,99"
05/01/2026,RESGATE CDB Cofrinhos,"2.000,09"
05/01/2026,PIX TRANSF BRASIL 04/01,"-1.929,70"
05/01/2026,IOF,"-1,03"
02/01/2026,PAGTO SALARIO,"3.458,00"
02/01/2026,APLICACAO COFRINHOS,"-2.000,00"
02/01/2026,PAG BOLETO CONSORCIO NACIONAL HONDA,"-722,00"
02/01/2026,JUROS SALDO DEVEDOR C/C,"-5,94"
